City,Date,PM2.5,PM10,NO,NO2,NOx,NH3,CO,SO2,O3,Benzene,Toluene,Xylene,AQI
Mumbai,1/1/2019,79.78,221.85,62.98,66.11,129.08,,2.75,21.88,45.29,2.76,,,
Mumbai,1/2/2019,80.41,232.04,82.29,64.04,146.33,,3.14,26.7,53.3,3.04,,,
Mumbai,1/3/2019,103.76,295.76,83.94,58.71,142.66,,3.65,25.44,68.37,4.09,,,
Mumbai,1/4/2019,84.61,250.62,80.09,59.75,139.85,,3.5,23,68.82,3.37,,,
Mumbai,1/5/2019,75.92,216.49,61.9,64.59,126.48,,2.76,24.93,63.06,2.5,,,
Mumbai,1/6/2019,81.14,233.06,49.18,60,109.19,,2.76,21.49,62.05,2.2,,,
Mumbai,1/7/2019,52.78,164.07,41.1,67.79,99.42,,2.18,22.27,48.85,1.48,,,
Mumbai,1/8/2019,57.44,177.25,54.09,56.98,111.08,,2.75,32.25,67.66,2.44,,,
Mumbai,1/9/2019,71.68,199.89,57.69,48.59,106.29,,2.49,21.75,85.19,2.56,,,
Mumbai,1/10/2019,84.32,250.65,70.11,50.68,120.77,,3.01,18.86,69.71,3.2,,,
Mumbai,1/11/2019,85.51,240.04,77.9,47.07,124.97,,3.32,32.67,71.31,3.09,,,
Mumbai,1/12/2019,76.86,237.89,55.52,49.1,102.22,,2.76,34.55,78.82,2.55,,,
Mumbai,1/13/2019,75.79,235.95,63,35.42,98.42,,3.11,30.85,76.64,2.66,,,
Mumbai,1/14/2019,66.32,191.3,37.01,44.04,81.05,,2.37,25.59,72.08,1.57,,,
Mumbai,1/15/2019,68.1,188.89,52.24,50.99,103.22,,2.53,28.78,72.52,1.7,,,
Mumbai,1/16/2019,69.37,194.79,62.3,48.31,110.55,,2.56,27.31,65.72,1.9,,,
Mumbai,1/17/2019,83.31,245.52,118.84,48.1,166.94,,3.25,27.92,32.31,2.7,,,
Mumbai,1/18/2019,84.99,231.12,69.76,52.87,122.63,,2.99,26.39,32.51,2.18,,,
Mumbai,1/19/2019,82.07,254.54,94.63,50.15,144.78,,3.3,35.06,29.55,2.45,,,
Mumbai,1/20/2019,93.45,285.55,79.17,26.93,106.1,,3.34,35.52,33.76,3.13,,,
Mumbai,1/21/2019,51,132.19,38.08,17.6,55.68,,2.1,28.3,20.34,1.17,,,
Mumbai,1/22/2019,34.26,109.43,36.32,35.26,71.55,,1.94,22.76,25.59,1.03,,,
Mumbai,1/23/2019,26.04,113.83,26.82,41.97,68.62,,1.65,21.92,29.55,0.67,,,
Mumbai,1/24/2019,53.38,150.95,23.5,70.2,93.7,,1.78,18.37,37.42,0.7,,,
Mumbai,1/25/2019,47.4,135.35,22.96,79.41,102.36,,1.83,12.39,52.07,0.84,,,
Mumbai,1/26/2019,38.28,122.56,40.28,72.66,112.93,,1.84,12.89,54.64,0.91,,,
Mumbai,1/27/2019,36.88,117.84,17.56,68.41,85.97,,1.79,10.85,34.26,0.79,,,
Mumbai,1/28/2019,46.01,121.37,11.12,13.44,16.51,,2.29,12.57,35.58,1.4,,,
Mumbai,1/29/2019,47.42,125.09,40.19,38.05,78.24,,2.12,14.45,40.56,1.82,,,
Mumbai,1/30/2019,51.55,173.72,,30.95,,,2.83,17.46,48.14,2.19,,,
Mumbai,1/31/2019,51.24,174.07,,37.75,,,2.93,24.08,47.64,4.26,,,
Mumbai,2/1/2019,48.04,153.71,,34.62,,,2.3,17.87,59.04,1.68,,,
Mumbai,2/2/2019,50.63,184.82,,32.21,,,2.27,17.97,59.69,1.88,,,
Mumbai,2/3/2019,73.37,257.39,,34.17,,,3.21,22.13,72.76,3.42,,,
Mumbai,2/4/2019,66.26,217.26,54.58,17.9,72.48,,3.25,22.36,56.12,3.16,,,
Mumbai,2/5/2019,65.62,209.61,27.48,30.45,57.93,,2.73,19.76,70.86,2.9,,,
Mumbai,2/6/2019,43.34,146.7,38.78,23.77,62.55,,1.88,14.66,65.06,1.02,,,
Mumbai,2/7/2019,18.67,94.56,40.78,24.61,60.36,,1.59,12.31,44.44,0.59,,,
Mumbai,2/8/2019,52.26,203.43,50.54,36.41,86.93,,1.64,13.66,38.51,0.64,,,
Mumbai,2/9/2019,72.35,188.49,85.9,34.58,118.31,,2,20.72,32.65,1.26,,,
Mumbai,2/10/2019,86.52,222.61,31.02,30.53,61.57,,2.84,26.28,55.92,3.1,,,
Mumbai,2/11/2019,101.67,261.7,39.3,34.5,73.67,,3.17,25.97,69.16,2.93,,,
Mumbai,2/12/2019,94.74,221.18,95.62,45.67,141.28,,3.27,24.49,55.38,3.13,,,
Mumbai,2/13/2019,78.47,152.16,73.92,34.45,108.37,,2.6,21.96,56.51,2.46,,,
Mumbai,2/14/2019,49.64,100.42,59.57,32.54,92.13,,1.91,16.76,56.4,0.84,,,
Mumbai,2/15/2019,47.74,119.49,43.85,30.95,74.8,,1.86,15.42,68.09,0.92,,,
Mumbai,2/16/2019,52.57,130.57,64.01,37.75,101.77,,2.16,17.91,58.37,1.58,,,
Mumbai,2/17/2019,59.84,168.11,61.17,34.62,95.79,,2.37,19.85,90.64,1.69,,,
Mumbai,2/18/2019,54.99,136.62,47.99,32.21,80.21,,2.25,19.18,83.46,1.31,,,
Mumbai,2/19/2019,49.87,120.19,50.63,34.17,84.8,,2.19,18.32,76.99,1.29,,,
Mumbai,2/20/2019,64.73,182.68,58.01,28.4,86.42,,3,22.73,101.76,4,,,
Mumbai,2/21/2019,35.61,84.13,32.41,20.68,53.1,,1.67,17,70.35,0.49,,,
Mumbai,2/22/2019,38.3,103.84,37.16,21.65,58.81,,1.85,16.77,56.96,0.78,,,
Mumbai,2/23/2019,58.39,196.31,53.85,32.52,86.39,,2.51,21.28,78.9,1.92,,,
Mumbai,2/24/2019,31.67,126.11,41.11,22.27,63.4,,1.84,18.07,62.79,0.9,,,
Mumbai,2/25/2019,35.64,118,54.25,26.2,80.36,,1.97,15.66,57,0.98,,,
Mumbai,2/26/2019,27.8,116.06,45.93,24.5,70.45,,1.69,8.13,45.78,0.56,,,
Mumbai,2/27/2019,22.69,109.49,54.48,18.29,72.77,,1.72,7.67,37.63,0.78,,,
Mumbai,2/28/2019,49.14,133.69,57.22,13.9,71.12,,1.92,10,49.84,1.12,,,
Mumbai,3/1/2019,41.12,150.77,90.27,38.66,128.94,,2.35,17.55,70.34,2.53,,,
Mumbai,3/2/2019,49.77,203.42,108.87,35.35,144.24,,2.78,15.04,72.01,3.01,,,
Mumbai,3/3/2019,15.85,58.71,35.64,12.5,48.15,,1.64,7.53,63.43,0.43,,,
Mumbai,3/4/2019,16.82,81.35,41.82,7.43,49.26,,1.64,7.72,73.28,0.36,,,
Mumbai,3/5/2019,22.15,126.58,29.85,5.5,35.35,,1.54,6.83,76.26,0.31,,,
Mumbai,3/6/2019,23.44,92.09,37.33,10.1,47.44,,1.67,7.12,80.67,0.38,,,
Mumbai,3/7/2019,25.23,102.94,41.19,15.47,56.67,,1.75,7.22,80.8,0.6,,,
Mumbai,3/8/2019,29.13,108.52,40.93,17.87,58.8,,1.83,8.15,81.24,0.78,,,
Mumbai,3/9/2019,36.24,132.21,54.51,20.05,74.58,,2.14,10.39,89.05,1,,,
Mumbai,3/10/2019,30.19,158.13,51.19,17.41,68.6,,1.96,9.84,61.16,1.11,,,
Mumbai,3/11/2019,23.72,128.8,40.45,9.46,49.92,,1.67,7.23,46.22,0.58,,,
Mumbai,3/12/2019,21.02,92.1,36.52,9.01,45.54,,1.54,6.71,60.52,0.36,,,
Mumbai,3/13/2019,23.36,90.2,36.51,10.9,47.41,,1.58,7.4,97.63,0.39,,,
Mumbai,3/14/2019,21.54,99.26,42.4,14.7,57.1,,1.63,5.16,68.64,0.48,,,
Mumbai,3/15/2019,28.02,113.58,43.47,17.95,61.43,,1.73,4.28,85.43,0.62,,,
Mumbai,3/16/2019,39.49,158.64,62.31,25.05,87.36,,2.18,6,89.53,1.32,,,
Mumbai,3/17/2019,37.52,132.12,46.68,20.46,67.14,,1.93,4.04,87.21,0.92,,,
Mumbai,3/18/2019,40.68,145.41,59.73,23.59,83.33,,2.28,5.96,86.68,1.13,,,
Mumbai,3/19/2019,35.58,140.87,87.07,20.39,107.47,,2.34,7.17,57.91,1.56,,,
Mumbai,3/20/2019,27.08,92.8,54.25,10.65,64.89,,1.8,4.35,65.62,0.83,,,
Mumbai,3/21/2019,19.81,79.16,40.25,3.53,43.63,,1.58,3.2,55.06,0.41,,,
Mumbai,3/22/2019,18.03,65.91,46.92,7.2,54.07,,1.44,3.15,37.28,0.35,,,
Mumbai,3/23/2019,31.96,115.36,46.86,10.21,57.04,,1.44,3.86,51.37,0.75,,,
Mumbai,3/24/2019,49.58,188.42,69.57,20.72,90.3,,1.3,5.64,66.28,1.68,,,
Mumbai,3/25/2019,55.04,206.24,85.62,34.94,120.57,,1.71,4.78,50.36,1.88,,,
Mumbai,3/26/2019,40.69,151.14,42.96,23.48,66.44,,1.71,1.22,35.31,1.16,,,
Mumbai,3/27/2019,34.51,127.47,26.75,10.1,36.82,,1.6,24.1,29.84,0.6,,,
Mumbai,3/28/2019,32.94,105.11,29.22,10.48,39.7,,1.61,42.91,32.64,1.35,,,
Mumbai,3/29/2019,29.55,100.84,20.58,5.19,25.73,,1.5,28.83,21.98,0.55,,,
Mumbai,3/30/2019,24.24,89.43,25.92,5.62,31.47,,1.49,28.87,17.4,0.73,,,
Mumbai,3/31/2019,18.43,90.53,27.07,5.77,32.73,,1.46,28.27,14.4,0.42,,,
Mumbai,4/1/2019,19.8,87.09,24.96,2.49,27.18,,1.43,29.66,13.07,0.82,,,
Mumbai,4/2/2019,22.9,89.81,21.03,18.8,39.82,,1.7,22.45,43.42,1.05,,,
Mumbai,4/3/2019,27.35,92.65,32.87,29.36,62.24,,1.79,22.97,35.71,0.55,,,
Mumbai,4/4/2019,16.91,66.3,33.32,19.55,52.88,,1.72,22.44,21.67,0.53,,,
Mumbai,4/5/2019,19.09,60.59,36.51,19.43,55.94,,1.76,22.69,25.83,0.57,,,
Mumbai,4/6/2019,17.84,66.09,43.1,21.09,64.19,,1.78,22.87,14,0.57,,,
Mumbai,4/7/2019,18.74,71.13,52.31,22.34,74.65,,1.85,23.04,15.02,1.02,,,
Mumbai,4/8/2019,16.1,59.23,44.91,21.77,66.69,,1.78,23.21,21.22,0.43,,,
Mumbai,4/9/2019,16.87,60.7,38.38,18.49,56.87,,1.73,23.29,22.29,0.58,,,
Mumbai,4/10/2019,14.22,52.28,40.36,17.8,58.16,,1.77,23.47,19.22,0.4,,,
Mumbai,4/11/2019,17.17,64.97,29.93,15.32,45.25,,1.74,22.99,20.81,0.32,,,
Mumbai,4/12/2019,22.32,76.97,44.14,20.93,65.09,,1.83,23.7,24.64,1.52,,,
Mumbai,4/13/2019,33.1,114.51,71.9,34.12,103.73,,2.06,25.33,25.95,0.84,,,
Mumbai,4/14/2019,22.7,83.82,48.02,30.65,78.67,,1.91,23.82,15.09,0.61,,,
Mumbai,4/15/2019,20.7,84.28,32.61,28.62,61.23,,1.88,22.74,35.39,0.98,,,
Mumbai,4/16/2019,27.28,106.52,35.04,24.92,59.96,,1.85,19.95,28.41,0.82,,,
Mumbai,4/17/2019,13.15,50.12,21.7,20.49,42.2,,1.69,19.47,19.05,0.17,,,
Mumbai,4/18/2019,21.44,88.17,37.19,34.18,71.36,,1.82,20.13,32.75,0.32,,,
Mumbai,4/19/2019,21.5,95.76,34.43,27.23,61.67,,1.84,20.07,21.3,0.37,,,
Mumbai,4/20/2019,22.27,75.24,49.89,34.26,84.15,,1.92,20.16,23.3,0.48,,,
Mumbai,4/21/2019,21.17,69.22,35.8,23.45,59.26,,1.89,20.28,14.96,0.57,,,
Mumbai,4/22/2019,20.98,75.94,38.67,27.14,65.82,,1.86,22.6,24.44,0.49,,,
Mumbai,4/23/2019,18.09,71.69,42.5,22.31,64.82,,1.84,24.63,32.45,0.27,,,
Mumbai,4/24/2019,16.24,67.42,26.75,14.65,41.4,,1.77,23.62,34.41,0.19,,,
Mumbai,4/25/2019,17.48,57.09,25.69,15.74,41.43,,1.76,22.37,31.8,0.19,,,
Mumbai,4/26/2019,17.19,74.24,28.67,18.72,47.4,,1.79,20.85,27.22,0.23,,,
Mumbai,4/27/2019,26.23,99.86,53.5,24.73,78.23,,1.94,24.2,22.74,0.47,,,
Mumbai,4/28/2019,23.77,99.29,29.63,27.13,57.84,,1.88,23.41,16.98,0.48,,,
Mumbai,4/29/2019,22.63,88.73,29.2,22.3,51.5,,1.85,23.8,15.57,0.3,,,
Mumbai,4/30/2019,21.86,85.4,31.26,19.2,50.47,,1.84,24.52,18.42,0.33,,,
Mumbai,5/1/2019,19.09,89.67,22.92,12.89,35.82,,1.77,23.3,12.82,0.15,,,
Mumbai,5/2/2019,21.65,114.38,22.82,13.17,36,,1.76,22.6,23.08,0.17,,,
Mumbai,5/3/2019,17.93,85.82,29.42,14.87,44.64,,1.8,19.09,11.7,0.34,,,
Mumbai,5/4/2019,16.54,76.05,27.84,16.35,44.2,,1.8,19.29,16.35,0.17,,,
Mumbai,5/5/2019,14.8,71.97,21.85,9.55,31.4,,1.79,19.68,17.61,0.16,,,
Mumbai,5/6/2019,15.73,61.85,30.79,12.71,43.5,,1.8,19.8,19.01,0.25,,,
Mumbai,5/7/2019,13.48,52.14,37.16,13.09,50.76,,1.82,21.62,21.85,0.29,,,
Mumbai,5/8/2019,12.89,47.56,23.64,9.3,32.94,,1.76,24.67,24.36,0.4,,,
Mumbai,5/9/2019,10.95,46.73,26.4,11.28,37.68,,1.76,24.3,11.22,0.29,,,
Mumbai,5/10/2019,12.8,49.69,23.09,11.68,34.78,,1.75,24.35,18.84,0.22,,,
Mumbai,5/11/2019,12.96,45.38,32.79,19.48,52.27,,1.78,24.31,16.01,0.25,,,
Mumbai,5/12/2019,14.62,62.45,36.73,18.89,55.62,,1.81,24.16,15.75,0.3,,,
Mumbai,5/13/2019,18.73,70.93,23.25,14.77,38.03,,1.77,24.34,15.94,0.21,,,
Mumbai,5/14/2019,15.43,64.72,35.17,16.34,51.52,,1.67,22.41,20.13,0.22,,,
Mumbai,5/15/2019,15.19,64.91,30.53,15.87,46.41,,1.45,22.61,22.69,0.28,,,
Mumbai,5/16/2019,16.01,58.49,25.31,14.07,39.38,,1.43,19.58,19.94,0.16,,,
Mumbai,5/17/2019,15.25,64.12,40.23,18.31,58.54,,1.5,18.85,14.32,0.23,,,
Mumbai,5/18/2019,16.14,74.72,54.67,20.05,74.73,,1.62,24.56,14.88,0.31,,,
Mumbai,5/19/2019,12.37,58.55,38.35,20.27,58.63,,1.54,23.69,15.65,0.25,,,
Mumbai,5/20/2019,12.04,58.33,31.5,16.87,48.37,,1.65,17.63,22.67,0.19,,,
Mumbai,5/21/2019,14.62,69.48,25.94,14.59,39.98,,1.79,11.05,15.14,0.19,,,
Mumbai,5/22/2019,11.08,45.31,20.11,12.09,32.21,,1.75,10.84,14.77,0.13,,,
Mumbai,5/23/2019,25.61,55.67,37.17,13.9,51.08,,1.78,11.83,17.17,0.17,,,
Mumbai,5/24/2019,16.84,79.74,32.58,12.8,45.39,,1.69,10.96,14.79,0.18,,,
Mumbai,5/25/2019,14.03,60.49,25.71,10.11,35.83,,1.41,12.41,26.22,0.11,,,
Mumbai,5/26/2019,17.07,76.72,28.86,9.62,38.49,,1.36,15.93,23.81,0.16,,,
Mumbai,5/27/2019,18.11,86.81,29.58,9.78,39.36,,1.45,14.91,23.04,0.14,,,
Mumbai,5/28/2019,16.57,72.77,30.56,9.8,40.36,,1.76,11.23,19.96,0.16,,,
Mumbai,5/29/2019,14.93,60.16,25.94,9.83,35.78,,1.7,11.33,26.66,0.92,,,
Mumbai,5/30/2019,12.88,48.56,26.93,9.69,36.62,,1.39,11.02,19.95,0.28,,,
Mumbai,5/31/2019,13.92,48.68,31.28,11.04,42.32,,1.45,13.74,31.89,0.23,,,
Mumbai,6/1/2019,12.38,45.97,32.6,14.13,46.54,,1.58,16.05,24.38,0.23,0.02,0,
Mumbai,6/2/2019,12.49,43.71,32.2,13.65,45.85,,1.6,16.32,24.89,0.24,5.5,3.77,
Mumbai,6/3/2019,16.91,45.9,26.45,11.69,38.15,7.21,1.29,13.11,24.56,0.23,16.4,2.25,
Mumbai,6/4/2019,14.51,49.54,16.3,7.05,23.25,7.47,0.68,7.54,18.91,0.92,10.14,1,
Mumbai,6/5/2019,16.41,53.63,12.61,6.38,18.98,8.87,0.63,9.08,17.04,0.62,18.89,2.78,
Mumbai,6/6/2019,12.41,57.2,17.28,8.5,25.75,10.61,0.58,9.9,18.84,1.16,10.83,1.93,
Mumbai,6/7/2019,12.86,65.7,23.87,11.45,35.29,11.13,0.5,10.37,17.37,1.88,0,0,
Mumbai,6/8/2019,14.42,77.47,25.34,11.93,36.46,9.55,0.52,8.74,18.69,1.77,0,0,
Mumbai,6/9/2019,16.3,85.38,27.75,11.54,38.53,8.39,0.55,9.59,15.94,1.71,0,0,
Mumbai,6/10/2019,18.41,75.69,27.33,20.97,48.3,16.2,0.68,9.76,22.76,2.26,0,0,
Mumbai,6/11/2019,18.13,50.39,22.23,28.04,50.27,18.1,0.7,9.34,30.22,3.18,0,0,
Mumbai,6/12/2019,15.48,46.88,25.57,19.26,44.77,17.14,0.63,9.46,20.67,2.3,0.03,7.88,
Mumbai,6/13/2019,13.64,57.28,21.6,15.52,36.51,15.49,0.53,8.57,21.85,1.31,13.35,12.5,
Mumbai,6/14/2019,15.87,56.1,23.48,13.6,36.99,14.05,0.53,9.5,13.58,2.08,2.26,5.19,
Mumbai,6/15/2019,13.97,48.22,23.56,14.4,37.27,13.96,0.51,10.38,12.83,2.05,0.04,1.35,
Mumbai,6/16/2019,11.64,55.6,17.38,9.91,26.09,10.25,0.33,9.73,14.62,0.97,0.05,2.01,
Mumbai,6/17/2019,12.33,59.29,17.32,9.55,26.02,9.36,0.44,10.37,14.3,0.98,0,3.27,
Mumbai,6/18/2019,14.3,52.99,17.55,11.91,29.1,8.75,0.51,10.39,14.79,1.09,0.21,2.75,
Mumbai,6/19/2019,14.45,56.82,22.59,13.23,34.57,9.6,0.53,10.8,12.38,1.69,0.02,2.8,
Mumbai,6/20/2019,15.98,82.29,27.03,11.25,35.37,8.91,0.48,10.9,13,1.41,,,
Mumbai,6/21/2019,16.49,78.83,26.62,11.72,35.38,9.47,0.46,11.22,12.15,1.78,,,
Mumbai,6/22/2019,19.33,88.55,25.32,13.33,35.7,10.41,0.46,11.19,13.26,1.71,,,
Mumbai,6/23/2019,18.81,88.85,22.83,13.27,33.94,9.22,0.43,11.77,13.74,1.32,,,
Mumbai,6/24/2019,20.36,80.85,20.8,15.53,36.33,8.51,0.54,12.04,13.16,1.69,,,
Mumbai,6/25/2019,17.72,53.76,30.17,14.17,44.24,12.19,0.52,11.48,14.9,3.62,,,
Mumbai,6/26/2019,15.04,49.61,27.65,13.16,40.77,12.07,0.47,11.63,13.43,2.06,,,
Mumbai,6/27/2019,10.52,31.79,29.74,14.18,43.92,12.66,0.51,10.94,13.41,3.15,,,
Mumbai,6/28/2019,7.2,31.49,21.04,11.4,32.43,8.71,0.44,9.39,16.47,1.49,,,
Mumbai,6/29/2019,10.31,34.34,19.59,15.26,34.84,7.86,0.49,9.21,19.59,1.46,,,
Mumbai,6/30/2019,11.91,39.11,22.59,15.23,35.8,7.93,0.53,9.42,14.72,1.76,,,
Mumbai,7/1/2019,8.73,24.69,21.26,17.34,38.51,7.62,0.55,11.08,17.01,1.5,,,
Mumbai,7/2/2019,9.86,21.58,27.78,19.56,47.34,11.71,0.59,12.53,14.59,1.72,,,
Mumbai,7/3/2019,13.44,31.61,37.74,17.27,54.8,12.88,0.62,13.27,12.88,4.07,,,
Mumbai,7/4/2019,16.28,43.96,44.97,14.32,58.4,10.29,0.72,12.93,12.16,2.91,,,
Mumbai,7/5/2019,13.97,53.1,31.89,13.72,44.87,11,0.57,12.61,12.64,2.19,,,
Mumbai,7/6/2019,10.48,46.43,20.99,11.91,30.74,7.73,0.42,11.13,14.05,1.11,,,
Mumbai,7/7/2019,17.65,82.39,20.06,9.3,29.25,5.74,0.42,11.35,15.25,1.69,,,
Mumbai,7/8/2019,9.78,54.07,22.01,12.64,34.24,6.49,0.44,11.47,14.2,2.13,,,
Mumbai,7/9/2019,10.49,45.85,18.6,10.51,28.55,6.16,0.41,10.75,14.75,1.09,,,
Mumbai,7/10/2019,8.69,28.14,25.96,12.99,38.82,6.27,0.47,9.36,12.85,1.9,,,
Mumbai,7/11/2019,11,49.5,28.42,10.58,37.52,8.24,0.41,7.28,12.22,2.11,,,
Mumbai,7/12/2019,11.6,48.04,24.42,11.89,35.3,6.75,0.44,7.21,13.87,2.13,,,
Mumbai,7/13/2019,11.06,44.93,25.43,11.47,36.87,5.61,0.44,7.38,11.65,1.71,,,
Mumbai,7/14/2019,9.18,43.54,26.83,9.99,36.79,5.43,0.44,8,13.45,1.74,,,
Mumbai,7/15/2019,10.76,57,22.66,9.99,32.65,6.57,0.43,8.18,13.18,1.88,,,
Mumbai,7/16/2019,11.46,51.18,28.27,9.44,37.71,7.03,0.45,8.32,11.87,1.63,,,
Mumbai,7/17/2019,14.55,59.21,27.74,9.47,37.14,11.05,0.49,8.6,12.26,2.68,,,
Mumbai,7/18/2019,14.07,62.65,24.18,11.3,35.47,14.42,0.46,9.19,12.41,1.95,,,
Mumbai,7/19/2019,18.79,78.75,28.95,13.24,42.14,17.49,0.51,10,12.25,2.08,,,
Mumbai,7/20/2019,18.67,57.53,32.17,16.96,49.09,17.58,0.62,9.35,12.88,2.7,,,
Mumbai,7/21/2019,22.6,48.5,33.18,19.66,52.83,16.54,0.71,9.54,16.46,2.69,,,
Mumbai,7/22/2019,11.58,32.14,21.45,16.13,37.5,16.04,0.55,8.73,17.35,2.18,,,
Mumbai,7/23/2019,7.33,25.93,22.41,15.21,37.59,14.29,0.4,8.17,15.68,2.67,,,
Mumbai,7/24/2019,7.93,22.05,22.44,13.77,36.2,13.52,0.28,7.67,15.25,2.83,,,
Mumbai,7/25/2019,14.23,42.48,26.43,13.12,39.55,13.69,0.31,8.02,14.15,3.44,,,
Mumbai,7/26/2019,11.83,41.53,21.56,10.47,32.01,12.09,0.27,8.06,14.63,3.58,,,
Mumbai,7/27/2019,11.84,43.68,17.04,10.49,26.48,10.02,0.43,7.62,17.47,2.08,,,
Mumbai,7/28/2019,14.16,53.66,17.06,9.9,25.59,9.87,0.46,8.41,16.94,2.15,,,
Mumbai,7/29/2019,12.93,47.19,17.86,10.8,27.06,13.77,0.51,8.57,13.16,1.92,,,
Mumbai,7/30/2019,10.37,32.95,23.37,12.72,33.95,15.65,0.46,7.7,15.39,1.87,,,
Mumbai,7/31/2019,9.25,33.22,18.95,11.75,30.2,18.33,0.46,7.75,14.5,2.33,,,
Mumbai,8/1/2019,9.44,38.95,18.22,10.59,27.45,16.59,0.43,7.93,14.61,2.14,,,
Mumbai,8/2/2019,7.97,29.55,18.23,9.89,27.33,16.34,0.4,8.6,13.84,1.8,,,
Mumbai,8/3/2019,8.06,23.05,16.04,8.7,24.19,15.24,0.39,10.29,13.76,1.73,,,
Mumbai,8/4/2019,10.3,35.88,15.93,7.87,23.05,12.79,0.4,10.12,13.98,1.45,,,
Mumbai,8/5/2019,11.9,41.42,18.87,9.02,26.81,12.44,0.42,10.04,12.85,1.58,,,
Mumbai,8/6/2019,10.6,41.04,23.34,9.73,31.87,12.25,0.44,9.83,11.1,1.54,,,
Mumbai,8/7/2019,12.73,51.39,24.49,9.14,32.45,11.54,0.43,9.37,12.52,1.17,,,
Mumbai,8/8/2019,18.67,72.32,23.89,9.7,32.84,11.17,0.44,9.46,12.52,1.19,,,
Mumbai,8/9/2019,18.48,66.95,19.78,8.54,28.11,10.95,0.43,9.26,11.43,1.38,,,
Mumbai,8/10/2019,18.71,76.53,18,7.54,23.54,9.67,0.41,9.13,12.07,2.46,,,
Mumbai,8/11/2019,15.56,62.75,19.14,7.74,25.2,8.21,0.43,8.71,12.19,1.31,,,
Mumbai,8/12/2019,12.73,56.76,20.93,7.92,28.39,8.78,0.45,7.44,11.54,1.33,,,
Mumbai,8/13/2019,13.07,52.56,28.81,10.19,38.17,10.04,0.54,8.19,9.89,1.5,,,
Mumbai,8/14/2019,15.06,61.4,27.53,12.45,39.97,10.91,0.57,8.64,10.8,1.25,,,
Mumbai,8/15/2019,11.75,47.84,23.11,10.33,33.42,10.23,0.53,9.53,12.32,1.3,,,
Mumbai,8/16/2019,11.89,51.78,21.54,9.91,31.39,8.81,0.52,9.55,12.81,1.14,,,
Mumbai,8/17/2019,13.3,64.05,17.68,9.24,26.81,8.8,0.52,7.74,13.62,1.3,,,
Mumbai,8/18/2019,11.37,52.68,20.6,8.69,29.22,8.62,0.55,7.38,11.22,1.59,,,
Mumbai,8/19/2019,11.44,53.12,23.24,9.8,32.29,10.27,0.54,8.07,10.44,2.04,,,
Mumbai,8/20/2019,13.78,63.94,25.29,11.11,35.44,8.67,0.51,8.9,10.72,1.63,,,
Mumbai,8/21/2019,15.77,53.39,21.95,11.06,32.19,5.67,0.52,8.59,11.15,1.69,,,
Mumbai,8/22/2019,12.96,53.14,22.39,10.74,32.56,7.52,0.55,9.01,10.33,1.68,,,
Mumbai,8/23/2019,16.01,52.92,23.11,11.58,34.04,12.92,0.6,9.56,9.38,2.93,,,
Mumbai,8/24/2019,18.56,49.36,18.39,10.06,27.72,12.42,0.58,9.6,11.89,1.81,,,
Mumbai,8/25/2019,12.37,47.31,24.17,11.86,35.08,12.82,0.69,11.14,8.11,2.95,,,
Mumbai,8/26/2019,14.76,59.08,24.26,11.3,34.95,15.1,0.64,12.3,8.62,2.71,,,
Mumbai,8/27/2019,13.53,55.06,22.73,10.38,32.22,14.52,0.35,11.97,10.51,2.24,,,
Mumbai,8/28/2019,12.75,45,18.89,9.91,28.73,19.5,0.46,11.47,9.27,2.68,,,
Mumbai,8/29/2019,13.24,46.32,22.52,10.03,32.28,15.95,0.66,11.13,8.93,2.43,,,
Mumbai,8/30/2019,11.17,39.63,27.41,10.86,37.62,16.12,0.67,10.95,7.12,2.08,,,
Mumbai,8/31/2019,11.53,42.24,23.87,11.28,34.6,15.21,0.63,11.18,8.93,1.55,,,
Mumbai,9/1/2019,9.75,32.99,25.25,10.74,35.69,11.7,0.65,11.02,10.84,1.49,,,
Mumbai,9/2/2019,12.12,41.22,24.24,9.33,32.13,9.82,0.71,10.89,8.56,1.83,,,
Mumbai,9/3/2019,6.72,21.31,22.59,11.46,33.25,11.08,0.64,10.98,9.87,1.39,,,
Mumbai,9/4/2019,7.68,20.72,16.94,12.01,28.84,12.63,0.62,11.23,9.36,1.14,,,
Mumbai,9/5/2019,5.68,20.38,13.76,10.54,24.08,12.98,0.6,11.37,10.26,1.28,,,
Mumbai,9/6/2019,7.6,29.36,12.54,10.81,23.05,11.7,0.57,10.93,9.62,1.06,,,
Mumbai,9/7/2019,10.71,34.27,13.36,11.97,24.75,10.07,0.62,11.08,9.12,1.24,,,
Mumbai,9/8/2019,8.69,29.63,13.52,13.69,26.66,9,0.67,11.81,12.28,1.11,,,
Mumbai,9/9/2019,12.07,46.77,14.4,12.67,26.77,9.16,0.57,12.02,9.24,1.22,,,
Mumbai,9/10/2019,13.89,51.1,10.6,12.29,22.61,9.89,0.39,11.8,10.38,1.18,,,
Mumbai,9/11/2019,14.62,47.04,20.44,13.79,33.46,10.31,0.52,12.02,7.52,1.27,,,
Mumbai,9/12/2019,10.93,41.79,13.61,12.54,23.65,10.26,0.44,11.38,7.84,1.29,,,
Mumbai,9/13/2019,12.93,39.62,24.34,13.82,38.08,11.37,0.54,12,7.08,1.3,,,
Mumbai,9/14/2019,13.24,54.5,17.51,12.13,29.52,11.01,0.46,11.58,9.01,1.13,,,
Mumbai,9/15/2019,10.85,32.85,18.68,17.71,35.25,9.14,0.62,11.31,12.04,1.12,,,
Mumbai,9/16/2019,11.95,45.25,31.62,13.78,44.35,19.52,0.57,12.4,7.17,1.25,,,
Mumbai,9/17/2019,16.24,43.48,31.84,12.93,44.44,15.38,0.59,11.46,8.24,1.11,,,
Mumbai,9/18/2019,17.95,42.66,36.78,17.44,52.32,14.89,0.8,12.06,7.93,1.36,,,
Mumbai,9/19/2019,21.73,38.49,15.81,30.97,46.79,13.33,0.83,11.61,18.46,1.44,,,
Mumbai,9/20/2019,14.94,34.2,17.92,21.94,39.84,17.44,0.75,10.98,10.91,1.65,,,
Mumbai,9/21/2019,12.09,33,20.6,16.97,37.44,15.24,0.47,8.75,11.09,2.07,,,
Mumbai,9/22/2019,15.09,44.55,15.96,15.95,31.9,12.04,0.45,6.85,11.12,2.98,,,
Mumbai,9/23/2019,18.6,57.85,20.12,13.64,33.08,13.89,0.55,7.6,8.68,2.6,,,
Mumbai,9/24/2019,15.04,59.47,21.42,12.38,32.84,11.16,0.57,7.4,9.33,3.68,,,
Mumbai,9/25/2019,16.9,37.22,20.46,22.09,42,11.57,0.67,7.63,10.74,2.99,,,
Mumbai,9/26/2019,17.28,39.46,22.87,19.61,41.89,19.44,0.67,7.97,10.72,3.29,,,
Mumbai,9/27/2019,8.39,22.71,15.69,12.29,27.95,14.47,0.39,7.44,10.11,2.41,,,
Mumbai,9/28/2019,8.32,27.38,18.67,10.2,28.84,16.88,0.28,7.82,7.38,2.92,,,
Mumbai,9/29/2019,9.62,32.07,17.97,9.67,27.5,12.28,0.28,8.2,7.3,2.55,,,
Mumbai,9/30/2019,8.33,26.16,21.75,9.8,31.46,12.68,0.32,8.42,6.25,2.81,,,
Mumbai,10/1/2019,10.46,42.8,25.55,8.67,33.31,12.79,0.35,8.4,6.29,1.95,,,
Mumbai,10/2/2019,16.15,56.33,28.85,11.75,39.43,14.04,0.47,8.57,8,2.56,,,
Mumbai,10/3/2019,17.62,52.25,27.17,14.41,40.88,13.22,0.66,8.76,8.22,2.01,,,
Mumbai,10/4/2019,24.77,64.32,24.94,18.88,42.97,13.33,0.71,9.19,10.65,2.11,,,
Mumbai,10/5/2019,32.11,74.94,30.47,23.52,52.77,17.09,1.19,9.91,15.35,2.48,,,
Mumbai,10/6/2019,35.13,77.75,27.92,27.19,53.84,14.61,0.83,11.47,27.28,2.67,,,
Mumbai,10/7/2019,45.48,88.32,17.51,26.69,42.85,14,0.84,10.13,26.16,2.47,,,
Mumbai,10/8/2019,54.08,99.28,11.83,26.33,36.78,12.48,1.45,10.18,27.71,2.49,,,
Mumbai,10/9/2019,21.6,49.28,17.6,27.88,45.09,13.27,1.02,10.08,20.53,2.33,,,
Mumbai,10/10/2019,39.03,81.82,22.43,33.69,55.32,13.7,0.89,11.46,24.9,2.62,,,
Mumbai,10/11/2019,39.11,77.93,16.68,34.85,51.5,19.65,1.12,11.26,30.85,3.98,,,
Mumbai,10/12/2019,49.37,103.99,23.95,32.46,56.41,15.3,0.83,12.09,32.79,3.8,,,
Mumbai,10/13/2019,42.92,88.36,19.99,30.6,50.59,13.69,1.54,12.81,27.03,3.05,,,
Mumbai,10/14/2019,55.33,112.01,21.2,32.7,53.9,14.9,0.98,13.2,25.92,4.25,,,
Mumbai,10/15/2019,50.61,111.2,21.49,33.54,55.03,14.75,1.15,14.05,26.74,3.22,,,
Mumbai,10/16/2019,49.19,118.26,22.95,35.06,57.99,15.33,1.24,14.7,29.97,3.14,,,
Mumbai,10/17/2019,56.89,126.82,18.2,34.5,52.69,15.51,1.22,13.74,38.93,3.16,,,
Mumbai,10/18/2019,62.55,129.06,31.34,35.88,67,18.73,1.19,13.29,13.21,4.54,,,
Mumbai,10/19/2019,28.56,48.57,34.93,24.93,59.86,19.56,1.08,11.67,8.47,4.52,,,
Mumbai,10/20/2019,15.09,29.91,26.82,21,46.26,21.13,1.19,11.06,8.69,4.25,,,
Mumbai,10/21/2019,17.75,41.34,20.91,20.24,39.17,19.3,1.03,10.82,15.31,4.92,,,
Mumbai,10/22/2019,17.92,44.55,19.12,22.87,40.4,15.09,1.04,10.54,15.92,5.61,,,
Mumbai,10/23/2019,17.85,41.64,39.34,18.52,55.43,16.18,0.89,11.87,7.6,6.3,,,
Mumbai,10/24/2019,30.71,72.1,41.44,24.2,63.53,17.51,1.04,12.45,8.38,6.06,,,
Mumbai,10/25/2019,20.04,46.59,24.72,23.05,47.77,16.19,0.93,10.47,6.84,4.28,,,
Mumbai,10/26/2019,25.58,57.91,35.65,18.86,54.15,15.37,0.91,9.45,8.26,5.53,,,
Mumbai,10/27/2019,39.09,76.14,38.01,15.53,52.34,19.28,0.93,9.28,11.02,6.71,,,
Mumbai,10/28/2019,53.5,91.27,23.72,17.36,40.97,17.58,0.68,9.61,13.97,6.46,,,
Mumbai,10/29/2019,56.28,102.53,21.95,25.2,46.88,14.21,0.67,13.83,20.94,6.53,,,
Mumbai,10/30/2019,40.81,84.5,19.68,25.09,44.63,13.88,0.83,13.26,16.87,5.47,,,
Mumbai,10/31/2019,25.37,77.85,23.35,26.43,49.77,14.51,0.8,14.56,11.5,5.92,,,
Mumbai,11/1/2019,16.55,57.59,20.48,25.78,44.17,14.82,0.65,14.62,13.02,4.59,,,
Mumbai,11/2/2019,11.99,39.96,18.12,23.12,41.17,16.57,0.64,14.22,9.88,5.09,,,
Mumbai,11/3/2019,20.09,62.74,25.17,23.86,48.84,17.7,0.72,15.36,10.7,5.97,,,
Mumbai,11/4/2019,28.41,66.83,21.88,26.02,47.57,13.52,0.84,13.21,16.42,5.52,,,
Mumbai,11/5/2019,36.96,76.94,12.57,30.58,42.93,14.93,0.85,15.39,22.29,5.24,,,
Mumbai,11/6/2019,52.87,101.96,25.56,37.21,62.77,15.25,1.01,12.45,20.34,5.41,,,
Mumbai,11/7/2019,19.26,52.22,9.35,20.79,30.05,13.56,0.61,9.31,13.36,5.55,,,
Mumbai,11/8/2019,12.19,41.81,13.33,22.57,35.9,11.76,0.61,8.53,15.25,5.65,,,
Mumbai,11/9/2019,27.12,73.34,18.64,31.47,50.12,13.91,0.8,8.97,14.44,6.41,,,
Mumbai,11/10/2019,49.51,98.73,26.17,30.33,56.49,13.09,1.02,9.21,21.17,5.78,,,
Mumbai,11/11/2019,57.72,106.42,18.86,39.04,57.85,13.54,1.12,10.26,26.65,5.62,,,
Mumbai,11/12/2019,69.7,132.42,23.32,42.53,65.85,15.99,1.21,12.41,32.22,4.81,,,
Mumbai,11/13/2019,64.9,122.75,19.44,47.12,66.57,17.01,1.03,9.55,28.58,5.17,,,
Mumbai,11/14/2019,62.54,123.27,17.52,45.44,62.96,17.78,0.79,11.34,31.66,5.47,,,
Mumbai,11/15/2019,69.75,128.01,17.47,48.03,65.5,18.87,0.88,10.86,29.62,5.17,,,
Mumbai,11/16/2019,77.05,135.69,15.82,42.82,58.64,19.51,0.86,15.39,31.08,4.55,,,
Mumbai,11/17/2019,70.89,123.26,15.95,35.4,51.35,17.79,0.93,21.01,28.13,5.93,,,
Mumbai,11/18/2019,72.13,125.42,10.68,41.1,51.78,16.91,0.89,14.91,40.98,5.54,,,
Mumbai,11/19/2019,90.92,163.46,23.24,52.54,75.78,16.51,1.17,10.58,33.36,7.12,,,
Mumbai,11/20/2019,91.86,171.91,29.09,51.64,80.72,19.47,1.22,10.92,33.38,7.07,,,
Mumbai,11/21/2019,92.37,167.92,23.58,49.5,73.07,20.64,1.16,11.59,29.5,5.79,,,
Mumbai,11/22/2019,87.03,163.02,22.99,47.1,70.08,19.7,1.07,17.75,31.78,6.81,,,
Mumbai,11/23/2019,82.21,154.89,25.47,42.15,67.69,18.22,1.08,16.27,28.57,7.37,,,
Mumbai,11/24/2019,82.78,149.57,17.24,41.2,58.43,16.35,0.98,15.66,40.96,7.02,,,
Mumbai,11/25/2019,89.06,159.83,20.65,44.9,65.55,16.88,1.06,13.78,36.41,6.87,,,
Mumbai,11/26/2019,83.45,158.37,28.52,47.23,75.75,16.93,1.07,17.3,39.16,9.84,,,
Mumbai,11/27/2019,73.81,143.06,33.12,40.31,73.44,17.02,0.94,16.55,23.19,8.81,,,
Mumbai,11/28/2019,71.95,142.88,23.35,49.86,73.14,19.14,1.1,17.73,35.46,7.86,,,
Mumbai,11/29/2019,81.38,148.72,32.36,43.02,75.1,19.31,1.21,16.65,28.14,8.39,,,
Mumbai,11/30/2019,87.36,158.29,22.47,44.13,65.12,18.8,1.05,17.05,31.04,8.7,,,
Mumbai,12/1/2019,94.89,168.1,34.82,40.69,75.49,18.47,1.27,16.74,27.11,8.78,,,
Mumbai,12/2/2019,64.67,120.78,17.63,36.01,53.64,17.11,1.02,14.84,29.09,7.7,,,
Mumbai,12/3/2019,39.87,98.1,25.44,33.4,58.85,18.28,0.93,14.4,20.33,7.23,,,
Mumbai,12/4/2019,49.87,109.16,22.61,33.59,56.18,18.07,0.89,10.19,25.2,6.39,,,
Mumbai,12/5/2019,65.29,121.72,23.97,36.28,59.59,34.63,1.01,9.91,19.03,6.79,,,
Mumbai,12/6/2019,83.28,149.35,21.27,37.76,57.07,21.47,1,11.19,25.39,6.06,,,
Mumbai,12/7/2019,70.54,140.48,22.79,42.12,63.02,19.52,0.96,10.58,33.03,8.39,,,
Mumbai,12/8/2019,88.13,157.73,16.35,43.61,58.8,18.82,1.05,11.77,39.85,6.71,,,
Mumbai,12/9/2019,82.73,147.34,20.08,42.56,60.95,18.14,1.14,12.12,37.94,6.93,,,
Mumbai,12/10/2019,82.73,150.62,23.16,46.79,68.58,20.61,1.22,13.51,37.99,7.25,,,
Mumbai,12/11/2019,95.77,169.34,28.29,44.51,71.52,21.34,1.29,14.82,28.02,7.84,,,
Mumbai,12/12/2019,95.21,169.26,39.47,41.68,79.89,19.77,1.32,16.04,31.95,10.42,,,
Mumbai,12/13/2019,72.43,132.97,19.79,39.02,57.49,17.73,1.02,14.48,32.43,10.2,,,
Mumbai,12/14/2019,50.06,110.41,25.28,36.34,60.45,16.16,0.99,12.67,33.34,4.87,,,
Mumbai,12/15/2019,69.63,143.27,26.16,40.24,65.19,15.63,1.15,12.47,34.86,5.39,,,
Mumbai,12/16/2019,89.46,161.83,29.25,39.26,67.28,16.79,1.34,13.46,33.36,6.17,,,
Mumbai,12/17/2019,80.42,149.67,29.99,37.31,66.23,17.29,1.18,10.74,38.95,7.29,,,
Mumbai,12/18/2019,73.92,137.11,22.08,37.22,59.3,17.01,0.92,10.17,40.44,6.89,,,
Mumbai,12/19/2019,75.17,138.83,26.2,38.8,64.03,17.47,0.98,9.88,35.35,6.69,,,
Mumbai,12/20/2019,94.27,169.49,32.6,49.03,79.62,18.38,1.14,10.1,39.76,8.19,,,
Mumbai,12/21/2019,94.04,174.95,43.51,45.96,88.32,18.72,1.25,10.79,27.67,7.85,,,
Mumbai,12/22/2019,94.72,171.39,32.75,41.58,72.93,19.23,1.21,11.57,26.98,7.44,,,
Mumbai,12/23/2019,94.33,167.3,35.31,37.77,72.19,20.09,1.18,13.41,30.36,7.41,,,
Mumbai,12/24/2019,122.89,205.91,30.94,46.54,77.07,23.81,1.28,11.52,41.44,8.72,,,
Mumbai,12/25/2019,134.32,215.78,24.85,44.73,69.58,23.2,1.26,10.77,28.58,8.11,,,
Mumbai,12/26/2019,87.5,152.83,24.13,34.22,58.34,21.21,0.98,10.49,29.76,7.32,,,
Mumbai,12/27/2019,88.03,154.44,30.85,39.77,70.12,19.47,1.02,10.27,32.89,6.55,,,
Mumbai,12/28/2019,75.77,140.33,28.21,35.86,63.78,18.35,0.98,8.75,33.43,6.15,,,
Mumbai,12/29/2019,75.81,145.75,26.83,36.07,62.91,18.59,0.98,9.36,36.88,6.83,,,
Mumbai,12/30/2019,86.42,155.08,27.84,36.03,62.84,18.84,1.03,9.28,41.98,6.62,,,
Mumbai,12/31/2019,65.76,127.82,16.87,37.46,54.33,15.52,0.82,10.47,56.55,5.72,,,
Mumbai,1/1/2020,104.06,183.88,40.17,46.39,85.81,15.69,1.22,10.98,45.97,8.16,,,
Mumbai,1/2/2020,107.87,171.73,14.73,41.14,55.87,16.86,1.02,8.03,48.34,6.89,,,
Mumbai,1/3/2020,93.64,157.8,18.77,40.42,59.18,15.47,0.97,7.94,48.31,6.12,,,
Mumbai,1/4/2020,94.05,158.44,13.92,39.68,53.59,15.1,0.96,6.66,49.76,5.86,,,
Mumbai,1/5/2020,91.04,162.68,28.01,39.93,67.61,16.3,1.1,7.9,39.59,3.51,,,
Mumbai,1/6/2020,70.2,142.64,24.3,38.91,63.21,18.3,1.01,8.68,43.46,3.18,,,
Mumbai,1/7/2020,87.2,165.84,44.5,42.33,85.98,21.67,1.29,9.46,31.33,4.81,,,
Mumbai,1/8/2020,64.97,120.55,23.68,29.07,50.91,18.76,0.89,7.73,36.12,2.91,,,
Mumbai,1/9/2020,59.98,126.87,16.13,38.98,54.9,15.59,0.85,8.96,39.85,2.53,,,
Mumbai,1/10/2020,65.06,143.74,22.62,43.01,65.51,14.29,0.93,10.04,36.59,5.41,,,
Mumbai,1/11/2020,76.71,162.07,31.83,43.56,72.78,22.54,1.08,10.12,38.7,6.42,,,
Mumbai,1/12/2020,98.12,194.66,57.3,38.02,92.98,26.77,1.47,10.84,33.46,8.98,,,
Mumbai,1/13/2020,68.39,120.46,18.8,29.65,47.02,23.91,0.84,6.73,28.54,5.24,,,
Mumbai,1/14/2020,36.33,97.67,21.17,26.54,46.51,18.73,0.7,6.28,30.25,4.48,,,
Mumbai,1/15/2020,30.53,91.62,18.69,30.43,49.11,15.37,0.65,6.32,37.85,3.56,,,
Mumbai,1/16/2020,34.16,84.73,15.66,31.54,47.2,16.18,0.66,5.95,37.14,3.36,,,
Mumbai,1/17/2020,51,115.87,21.31,41.19,62.5,15.45,0.68,6.3,38.68,3.72,,,
Mumbai,1/18/2020,87.28,167.77,21.29,55.99,77.28,18.35,0.98,7.63,37.57,3.82,,,
Mumbai,1/19/2020,96.1,195.03,48.56,48.29,93.9,20.81,1.12,8.28,35.96,5.51,,,
Mumbai,1/20/2020,89.26,181.54,49.49,47.23,93.54,22.7,1.3,10.52,41.83,5.53,,,
Mumbai,1/21/2020,96.99,207.73,65,44.95,104.64,23.11,1.58,10.32,37.38,9.97,,,
Mumbai,1/22/2020,78.69,173.23,71.62,42.07,110.22,22.24,1.49,11.8,37.74,7.48,,,
Mumbai,1/23/2020,87.78,189.99,39.85,44.52,84.15,22.07,1.24,11.77,40.14,4.65,,,
Mumbai,1/24/2020,73.57,163.95,36.83,40.8,76.32,20.89,1.17,11.7,39.02,4.24,,,
Mumbai,1/25/2020,91.57,192.11,43.7,43.88,85.32,22.38,1.32,14.01,47.99,3.41,,,
Mumbai,1/26/2020,103.35,210.51,47.34,43.92,88.43,22.89,1.4,13.46,39.74,4.32,,,
Mumbai,1/27/2020,57.22,120.42,21.19,29,50.18,22.26,0.76,10.5,35.14,1.99,,,
Mumbai,1/28/2020,25.47,81.69,27.08,21.6,45.51,19.6,0.64,8.01,22.79,3.72,,,
Mumbai,1/29/2020,19.77,97,13.46,22.88,34.71,16.2,0.56,4.22,37.65,1.54,,,
Mumbai,1/30/2020,52.66,141.65,25.75,38.17,62.06,17.89,0.84,8.11,42.4,2.9,,,
Mumbai,1/31/2020,65.97,158.62,30.65,43.82,70.91,18.82,1.03,8.65,42.66,3.17,,,
Mumbai,2/1/2020,72.14,168.79,31.63,46.68,75.13,19.18,1.12,7.48,41.77,3.24,,,
Mumbai,2/2/2020,80.79,186.22,51.93,38.05,81.8,22.59,1.31,8.75,37.43,5.04,,,
Mumbai,2/3/2020,83.47,165.19,36.72,35.54,67.27,23.47,1.28,6.21,35.33,3.86,,,
Mumbai,2/4/2020,77.73,151.8,16.67,40.07,55.74,21.14,0.77,7.25,55.83,2.96,,,
Mumbai,2/5/2020,60.91,153.38,36.17,47.47,82.28,20.72,0.96,9.38,41.6,2.78,,,
Mumbai,2/6/2020,47.67,127.57,16.91,36.64,51.75,21.09,0.87,7.87,52.05,2.41,,,
Mumbai,2/7/2020,49.35,136.21,32.11,39.96,68.25,20.77,0.9,9.22,46.27,2.57,,,
Mumbai,2/8/2020,68.47,151.73,24.39,39.85,61.71,21.46,1,7.72,47.02,3.5,,,
Mumbai,2/9/2020,68.29,144.61,14.68,31.18,44.17,20.06,1.03,9.26,44.3,1.76,,,
Mumbai,2/10/2020,56.58,129.32,17.49,36.19,51.98,18.16,0.93,8.38,45.84,1.93,,,
Mumbai,2/11/2020,60.95,143.87,26.37,38.82,62.47,19.31,1.05,8.71,39.01,3.32,,,
Mumbai,2/12/2020,60.53,145.25,31.29,48.17,76.66,19.98,1.1,8.9,38.14,3.02,,,
Mumbai,2/13/2020,67.91,152.14,43.06,52.26,94.87,20.6,1.11,8.5,41.11,2.61,,,
Mumbai,2/14/2020,58.14,149.22,33.45,48.61,82.04,19.47,0.87,9.01,46.83,4.08,,,
Mumbai,2/15/2020,53.27,151.37,37.35,45.62,82.97,19.77,0.88,9.59,36.31,4.41,,,
Mumbai,2/16/2020,68.93,165.51,26.61,47.33,73.92,18.7,0.95,10.41,54.41,5.14,,,
Mumbai,2/17/2020,102.48,212.49,40.65,54.75,95.3,21.74,1.3,9.46,54.43,8.23,,,
Mumbai,2/18/2020,88.15,201.4,40.77,61.16,101.97,23.17,1.25,12.09,51.79,11.52,,,
Mumbai,2/19/2020,92.5,212.28,52.42,59.13,110.76,30.49,1.32,14.81,47.26,14.4,,,
Mumbai,2/20/2020,62.8,146.64,37.9,46.33,84.24,23.47,1,10.38,27.28,9.24,,,
Mumbai,2/21/2020,39.37,100.68,26.82,35.82,62.63,23.77,0.75,9.11,23.71,4.69,,,
Mumbai,2/22/2020,65.93,157.96,27.56,53.25,80.8,21.75,0.97,12.37,43.03,7.55,,,
Mumbai,2/23/2020,77.63,194.83,37.84,57.94,95.9,21.11,1.19,13.28,47.06,9.84,,,
Mumbai,2/24/2020,84.7,185.63,35.27,56.76,92.03,21.9,1.22,12.73,46.95,9.79,,,
Mumbai,2/25/2020,48.01,152.41,38.95,49.44,86.91,20.22,0.95,11.32,32.01,6.25,,,
Mumbai,2/26/2020,41.03,131.59,17.35,50.32,67.68,21.45,0.75,14.57,46.17,5.06,,,
Mumbai,2/27/2020,51.74,144.95,27.45,57.91,85.28,23.77,0.92,15.46,50.93,6.58,,,
Mumbai,2/28/2020,77.61,185.24,63.03,71.94,132.6,23.88,1.37,16.66,43.82,12.56,,,
Mumbai,2/29/2020,74.98,183.77,61.44,58.47,120.01,26.05,1.24,16.08,27.98,12.57,,,
Mumbai,3/1/2020,43.39,121.29,23.67,32.11,55.78,28.59,0.65,13.19,23.93,4.06,,,
Mumbai,3/2/2020,52.18,142.49,49.03,28.46,77.28,21.12,0.77,16.93,19.25,7.63,,,
Mumbai,3/3/2020,43.68,137.1,20.36,26.55,46.47,21.76,0.46,17.25,27.79,4.32,,,
Mumbai,3/4/2020,36.73,122.49,21.57,27.93,48.46,19.32,0.52,15.98,27.16,5.11,,,
Mumbai,3/5/2020,32.59,108.48,17.09,26.95,43.7,19.16,0.53,17.87,21.06,4.07,,,
Mumbai,3/6/2020,20.15,105.77,21.05,19.07,40.01,17.49,0.43,17.17,18.27,3.78,,,
Mumbai,3/7/2020,24.45,131.04,14.59,23.93,38.51,16.16,0.48,9.15,27.96,3.57,,,
Mumbai,3/8/2020,27,125.15,20.26,31.81,52.07,14.65,0.57,9.73,30.18,4.24,,,
Mumbai,3/9/2020,35.03,134.18,17.46,31.06,48.52,16.27,0.67,9.61,28.36,4.54,,,
Mumbai,3/10/2020,40.47,125.98,19.71,20.36,39.93,18.29,0.77,12.7,22.31,6.98,,,
Mumbai,3/11/2020,16.04,74.65,13.42,19.18,32.6,14.87,0.43,11.07,24.98,3.28,,,
Mumbai,3/12/2020,18.59,80.55,17.93,24.74,42.67,14.78,0.49,10.72,22.72,3.65,,,
Mumbai,3/13/2020,23.81,108.48,12.31,30.64,42.95,14.74,0.5,7.84,34.81,3.03,,,
Mumbai,3/14/2020,30.33,126.36,11.69,34.81,46.5,15.92,0.58,7.96,41.79,5.85,,,
Mumbai,3/15/2020,49.84,175.84,42.39,41.75,84.12,17.02,1.01,12.24,36,7.16,,,
Mumbai,3/16/2020,57.99,190.49,42.84,53.12,95.94,22.98,1.24,14.86,40.61,12.13,,,
Mumbai,3/17/2020,78.54,204.96,73.59,52.95,125.6,19.98,1.66,15.1,45.85,13.17,,,
Mumbai,3/18/2020,52.03,150.71,47.33,42.38,89.72,20.92,1.02,11.79,40.01,13.75,,,
Mumbai,3/19/2020,30.33,99.38,24.02,26.7,49.39,23.04,0.6,7.97,31.9,9.12,,,
Mumbai,3/20/2020,21.08,84.44,32.78,14.85,45.69,22.48,0.5,6.6,19.03,7.94,,,
Mumbai,3/21/2020,20.14,67.91,23.5,16.51,38.19,20.59,0.47,11,24.3,4.4,,,
Mumbai,3/22/2020,16.75,53.27,12.44,9.46,20.96,16.68,0.36,12.08,27.87,3,,,
Mumbai,3/23/2020,23.48,64.7,9.84,11.07,20.27,14.84,0.42,12.02,32.77,3.54,,,
Mumbai,3/24/2020,35.58,92.81,10.91,12.34,22.74,13.82,0.52,8.75,38.04,4.72,,,
Mumbai,3/25/2020,30.86,77.24,10.93,11.34,21.67,11.97,0.5,8.32,31.58,5.05,,,
Mumbai,3/26/2020,27.82,65.48,11.52,11.3,21.6,11.6,0.43,10.16,26.73,6.4,,,
Mumbai,3/27/2020,24.81,69.65,8.32,8.64,16.85,11.1,0.4,7.19,35.76,3.78,,,
Mumbai,3/28/2020,28.14,67.46,7.49,11.9,19.07,11.2,0.48,7.55,38.94,3.96,,,
Mumbai,3/29/2020,23.43,66.1,6.46,9.89,16.35,9.98,0.42,7.27,47.85,4.05,,,
Mumbai,3/30/2020,23.57,63.65,7.59,9.66,17.25,9.82,0.43,6.86,39.26,4.34,,,
Mumbai,3/31/2020,25.36,63.61,9.69,9,18.14,10.37,0.46,7.26,29.17,3.88,,,
Mumbai,4/1/2020,20.08,58.94,9.72,7.77,17.03,10.35,0.4,6.55,31.73,3.3,,,
Mumbai,4/2/2020,26.27,77.19,8.63,8.62,16.94,9.96,0.43,6.84,37.54,3.7,,,
Mumbai,4/3/2020,24.33,83.88,8.18,7.58,15.5,9.2,0.39,6.49,29.94,3.31,,,
Mumbai,4/4/2020,24.7,78.44,9.35,7.94,16.89,8.72,0.42,6.47,28.5,3.52,,,
Mumbai,4/5/2020,27.36,73.53,10.76,8.48,18.47,8.25,0.44,6.67,28.81,3.65,,,
Mumbai,4/6/2020,20.82,54.45,10.49,6.55,16.46,7.73,0.36,7.06,23.34,3.76,,,
Mumbai,4/7/2020,24.1,79.61,12.88,6.24,18.28,7.31,0.36,7.06,18.93,3.68,,,
Mumbai,4/8/2020,29.52,98.54,14.47,6.72,20.06,7.97,0.37,6.95,14.77,4.37,,,
Mumbai,4/9/2020,28.3,93.39,14.81,6.81,20.89,9.05,0.38,8.89,15.14,3.24,,,
Mumbai,4/10/2020,25.89,83.39,12.95,6.96,19.36,8.32,0.37,8.49,20.75,3.34,,,
Mumbai,4/11/2020,29.54,82.21,12.22,7.98,19.82,6.82,0.44,7.97,21.8,2.65,,,
Mumbai,4/12/2020,28.26,81.99,12.69,9.13,21.29,6.12,0.45,7.79,20.04,4.69,,,
Mumbai,4/13/2020,25.58,75.31,14.18,9.18,22.44,6.31,0.44,7.39,16.16,4.16,,,
Mumbai,4/14/2020,26.89,81.61,14.12,10.47,23.66,7.83,0.53,7.61,18.91,4.12,,,
Mumbai,4/15/2020,26.61,66.58,14.66,9.77,23.66,8.03,0.72,7.78,19.93,6.08,,,
Mumbai,4/16/2020,20.55,55.03,12.42,9.16,21.06,6.81,0.59,6.73,19.32,6.9,,,
Mumbai,4/17/2020,20.54,53.53,15.73,7.89,22.75,6.21,0.64,6.36,16.09,7.81,,,
Mumbai,4/18/2020,18.48,52.34,14.47,8.08,21.9,7.02,0.63,6.34,16.7,4.53,,,
Mumbai,4/19/2020,19.99,63.75,12.36,9.07,21.07,7.11,0.65,6.79,21.48,6.9,,,
Mumbai,4/20/2020,25.7,81,13.28,10.38,23.34,9.29,0.7,7.88,20.19,5.79,,,
Mumbai,4/21/2020,18.64,54.81,15.42,6.97,21.67,10.49,0.57,7.59,23.39,5.45,,,
Mumbai,4/22/2020,18.03,52.92,17.22,6.11,22.57,8.12,0.41,8.4,22.45,4.32,,,
Mumbai,4/23/2020,19.8,54.84,18.58,6.99,24.9,7.04,0.4,10.28,19.66,3.45,,,
Mumbai,4/24/2020,20.82,47.88,17.53,6.09,22.62,6.92,0.38,11.57,18.66,4.22,,,
Mumbai,4/25/2020,16.78,44.63,15.01,6.5,20.87,6.74,0.32,12.46,23.08,5.06,,,
Mumbai,4/26/2020,19.05,51.09,17.43,8.25,24.82,6.13,0.36,14.12,22.98,14.21,,,
Mumbai,4/27/2020,17.23,45.04,15.92,5.72,20.66,6.06,0.34,14.37,17.94,8.98,,,
Mumbai,4/28/2020,19.82,50.93,13.63,7.66,20.73,6.12,0.35,13.98,25.02,16.93,,,
Mumbai,4/29/2020,21.01,57.68,19.66,6.68,28.03,5.42,0.36,14.49,24.01,13.9,,,
Mumbai,4/30/2020,20.8,53.42,15.49,6.96,21.92,5.42,0.33,15.2,17.54,4.34,,,
Mumbai,5/1/2020,15.53,43.76,14.86,5.54,19.46,5.4,0.31,14.47,18.53,2.59,,,
Mumbai,5/2/2020,13.15,39.87,17.89,5.44,24.58,4.84,0.28,12.43,16.06,2.28,,,
Mumbai,5/3/2020,12.02,34.64,15.73,5.28,19.74,5.47,0.27,12.04,15.22,2.57,,,
Mumbai,5/4/2020,11.51,33.77,19.77,5.21,23.67,5.86,0.28,11.52,14.68,2.52,,,
Mumbai,5/5/2020,11.2,42.66,24.49,6.59,28.82,6.16,0.29,10.62,16.25,2.83,,,
Mumbai,5/6/2020,12.09,55.6,22.12,6.71,26.12,5.28,0.3,12.95,17.43,2.19,,,
Mumbai,5/7/2020,14.3,52.48,23.01,6.24,25.71,4.3,0.35,20.98,19.58,2.77,,,
Mumbai,5/8/2020,15.26,60.85,20.66,5.62,22.25,3.93,0.38,29.68,21.41,2.9,,,
Mumbai,5/9/2020,14.21,54.67,17.02,5.12,18.7,4.03,0.3,32.49,21.56,3.11,,,
Mumbai,5/10/2020,13.08,49.13,26.93,3.32,27.04,3.19,0.3,32.18,19.12,2.98,,,
Mumbai,5/11/2020,16.85,57.84,28.97,6.4,32.83,3.6,0.36,28.8,18.86,3.15,,,
Mumbai,5/12/2020,13.72,51.68,32.32,5.73,35.71,3.53,0.34,37.37,18.22,2.8,,,
Mumbai,5/13/2020,14.67,53.52,21.01,7.35,27.59,3.73,0.28,29.05,19.43,2.08,,,
Mumbai,5/14/2020,15.23,56.14,21.05,9.24,29.15,2.91,0.29,21.85,15.53,2.3,,,
Mumbai,5/15/2020,17.67,62.36,19.37,9.47,28.12,4.07,0.31,26.61,15.69,3.23,,,
Mumbai,5/16/2020,30.44,109.67,29.33,9.88,37.14,4.49,0.31,14.56,18.71,2.7,,,
Mumbai,5/17/2020,29.74,110.21,17.76,8.21,23.7,4.38,0.28,13.73,23.93,2.47,,,
Mumbai,5/18/2020,21.3,74.82,15.73,9.61,22.49,4.34,0.26,15.6,24.78,2.11,,,
Mumbai,5/19/2020,15.36,65.41,22.2,9.44,28.68,4.19,0.28,14.24,19.74,1.68,,,
Mumbai,5/20/2020,14.14,48.48,22.15,11.07,31.18,5.56,0.28,14.07,19.82,2.2,,,
Mumbai,5/21/2020,16.44,43.01,15.41,12.93,26.23,4.12,0.27,12.22,20.84,1.89,,,
Mumbai,5/22/2020,14.78,43.77,13.97,11.9,24.26,3.23,0.26,12.06,21.34,0.8,,,
Mumbai,5/23/2020,15.18,52.48,16.39,10.89,27.1,3.29,0.29,10.33,18.87,1,,,
Mumbai,5/24/2020,12.33,44.41,14.5,10.01,24.05,3.11,0.25,9.66,18.56,0.64,,,
Mumbai,5/25/2020,11.81,53.97,13.1,9.36,21.39,3.07,0.25,8.85,19.15,0.7,,,
Mumbai,5/26/2020,12.64,60.01,15.81,8.14,23.68,3.08,0.24,8.57,18.75,0.62,,,
Mumbai,5/27/2020,11.7,49.07,16.71,8.74,25.38,4.51,0.21,6.44,19.01,0.71,,,
Mumbai,5/28/2020,12.21,46.97,15.52,7.43,22.69,4.61,0.22,6.76,18.17,0.52,,,
Mumbai,5/29/2020,7.33,30.7,14.79,7.02,21.64,3.74,0.26,7.58,17.14,0.63,,,
Mumbai,5/30/2020,10.08,42.19,15.83,6.63,22.16,3.61,0.27,6.93,14.37,0.8,,,
Mumbai,5/31/2020,8.99,41.07,13.06,6.51,19.4,3.39,0.31,6.9,15.63,1.56,,,
Mumbai,6/1/2020,17.27,44.22,15.13,13.22,28.31,3.4,0.33,7.68,25.44,2.39,,,
